{"kl_mean":0.00999397598206997,"reward":0.4871732414092319,"episode/feet_yaw_diff":-0.018992739663077848,"episode/torque_tiredness":-0.017453203789414035,"episode/root_acc":-0.4269921128466828,"episode/torques":-0.3509674975969328,"curriculum/max_lin_vel_level":0,"episode/collision":0,"episode/feet_roll":-0.013206819693617637,"curriculum/max_ang_vel_level":0,"curriculum/mean_ang_vel_level":0,"episode/feet_slip":-0.02839039505948473,"value_loss":0.005827887449413538,"episode/orientation":-0.7724221640152469,"_wandb":{"runtime":288},"steps":51.42713301536831,"episode/tracking_ang_vel":0.2335995817143015,"_runtime":288.137771072,"episode/survival":0.2571355604626353,"episode/dof_vel":-0.01298183833274084,"episode/dof_acc":-0.06209291222889744,"_timestamp":1.7580764255566285e+09,"episode/feet_distance":-0.013221473662412215,"episode/tracking_lin_vel_y":0.4984694475410595,"entropy":-9.975193977355957,"_step":63,"actor_loss":-0.003331323753809556,"episode/ang_vel_xy":-0.673848208780319,"lr":0.002919292602539063,"episode/tracking_lin_vel_x":0.4439575986016964,"episode/power":-0.2529103557347746,"episode/feet_yaw_mean":-0.00520840768987228,"episode/feet_swing":0.5649284258125539,"episode/action_rate":-0.2793097818930691,"episode/base_height":-0.11732801012833029,"episode/lin_vel_z":-0.02542925700120861,"episode/dof_pos_limits":-0.009231584208805724,"curriculum/mean_lin_vel_level":0,"bound_loss":0}