{"bound_loss":0.00021965690611978062,"episode/lin_vel_z":-0.2799337261402216,"episode/torques":-9.206626859844707,"episode/base_height":-0.9216814795967008,"_wandb":{"runtime":9242},"kl_mean":0.010865457355976105,"episode/torque_tiredness":-0.44979315238897916,"curriculum/mean_ang_vel_level":0,"_timestamp":1.7580909128830297e+09,"episode/tracking_lin_vel_x":25.582199777247475,"episode/dof_pos_limits":-0.23213111920679202,"_step":9999,"value_loss":0.030190937872976064,"episode/survival":7.104869926806356,"entropy":-16.0266170501709,"episode/feet_yaw_diff":-0.6133176415670113,"episode/action_rate":-5.20239168258964,"episode/ang_vel_xy":-3.264929081572861,"episode/dof_vel":-0.35644779899386597,"episode/feet_swing":32.238675727218876,"episode/tracking_ang_vel":11.85201164444939,"steps":1420.950819672131,"episode/orientation":-0.8827979481611096,"episode/dof_acc":-1.1331995089278846,"lr":0.00017085937500000006,"episode/feet_slip":-0.966652451968584,"reward":68.73000045682564,"curriculum/max_lin_vel_level":0,"episode/feet_yaw_mean":-0.5885614341155427,"episode/feet_roll":-0.19454082309222612,"curriculum/max_ang_vel_level":0,"episode/power":-5.748465766183665,"episode/collision":0,"_runtime":9242.523417073,"curriculum/mean_lin_vel_level":0,"episode/feet_distance":-0.1519441571025575,"episode/tracking_lin_vel_y":23.932603833128194,"actor_loss":-0.005046274336442979,"episode/root_acc":-5.470919975980383}