{"curriculum/max_ang_vel_level":0,"episode/dof_acc":-0.09680538646688845,"_step":7,"episode/ang_vel_xy":-0.6879180144267498,"episode/root_acc":-0.6990430842255728,"_wandb":{"runtime":43},"kl_mean":0.010200930759310722,"episode/feet_yaw_mean":-0.019257228617595486,"episode/feet_roll":-0.006286418832054116,"episode/action_rate":-0.13529337054199178,"entropy":-6.586778163909912,"episode/tracking_lin_vel_x":0.12697024109121713,"steps":13.152562574493444,"_timestamp":1.758081509577292e+09,"episode/dof_pos_limits":-0.06636206774526267,"actor_loss":0.0026971301333105656,"_runtime":43.822111757,"episode/torque_tiredness":-0.01412502765170369,"episode/tracking_ang_vel":0.04459450596741601,"lr":0.0012974633789062506,"episode/orientation":-0.12821098465043806,"episode/survival":0.06576280932468447,"curriculum/mean_ang_vel_level":0,"episode/collision":-4.767580346356416e-05,"episode/feet_slip":-0.04284279708735946,"value_loss":4.159432064625435e-05,"episode/feet_yaw_diff":-0.0820280145081221,"curriculum/mean_lin_vel_level":0,"episode/tracking_lin_vel_y":0.12708274079501836,"episode/feet_swing":0.11279300343205306,"bound_loss":0,"episode/torques":-0.38578068297107226,"episode/base_height":-0.018574040431587623,"episode/dof_vel":-0.021045504531814096,"episode/lin_vel_z":-0.03151193631382916,"curriculum/max_lin_vel_level":0,"episode/feet_distance":-0.003040733792960634,"episode/power":-0.6455483081727261,"reward":0.00577002445799806}